Name;Age;Position;2021 Team;2021 AB;2021 RBI;2020 Team;2020 AB;2020 RBI;AVG
Abreu, Jose;35;1B;CWS;566;117;CWS;240;60
Hernandez, Teoscar;29;RF;TOR;550;116;TOR;190;34
Devers, Rafael;25;3B;BOS;591;113;BOS;232;43
Duvall, Adam;33;RF;ATL;513;113;ATL;190;33
Olson, Matt;28;1B;OAK;565;111;OAK;210;42
Guerrero Jr., Vladimir;23;1B;TOR;604;111;TOR;221;33
Riley, Austin;25;3B;ATL;590;107;ATL;188;27
Machado, Manny;29;3B;SD;564;106;SD;224;47
Albies, Ozzie;25;2B;ATL;629;106;ATL;118;19
Meadows, Austin;26;LF;TB;518;106;TB;132;13
Arenado, Nolan;31;3B;STL;593;105;COL;182;26
Alvarez, Yordan;24;DH;HOU;537;104;HOU;8;4
Ramirez, Jose;29;3B;CLE;552;103;CLE;219;46
Semien, Marcus;31;2B;TOR;652;102;OAK;211;23
Bichette, Bo;24;SS;TOR;640;102;TOR;123;23
Seager, Kyle;34;3B;SEA;603;101;SEA;203;40
Haniger, Mitch;31;RF;SEA;620;100;NA;NA;NA
Castellanos, Nick;30;RF;CIN;531;100;CIN;218;34
Martinez, J.D.;34;LF;BOS;570;99;BOS;211;27
Lowe, Brandon;27;2B;TB;535;99;TB;193;37
Votto, Joey;38;1B;CIN;448;99;CIN;186;22
Goldschmidt, Paul;34;1B;STL;603;99;STL;191;21
Walsh, Jared;28;1B;LAA;530;98;LAA;99;26
Polanco, Jorge;28;2B;MIN;588;98;MIN;209;19
Judge, Aaron;30;RF;NYY;550;98;NYY;101;22
Tatis Jr., Fernando;23;SS;SD;478;97;SD;224;45
Stanton, Giancarlo;32;DH;NYY;510;97;NYY;76;11
Renfroe, Hunter;30;RF;BOS;521;96;TB;122;22
Soto, Juan;23;RF;WSH;502;95;WSH;154;37
Muncy, Max;31;1B;LAD;497;94;LAD;203;27
Alonso, Pete;27;1B;NYM;561;94;NYM;208;35
Aguilar, Jesus;31;1B;MIA;449;93;MIA;188;34
Tucker, Kyle;25;RF;HOU;506;92;HOU;209;42
Correa, Carlos;27;SS;HOU;555;92;HOU;201;25
Cron, C.J.;32;1B;COL;470;92;DET;42;8
Garcia, Adolis;29;CF;TEX;581;90;TEX;6;0
Escobar, Eduardo;33;2B;MIL;549;90;ARI;203;20
Crawford, Brandon;35;SS;SF;483;90;SF;172;28
Reynolds, Bryan;27;CF;PIT;559;90;PIT;185;19
Mountcastle, Ryan;25;1B;BAL;534;89;BAL;126;23
Swanson, Dansby;28;SS;ATL;588;88;ATL;237;35
Bell, Josh;29;1B;WSH;498;88;PIT;195;22
Baez, Javier;29;SS;NYM;502;87;CHC;222;24
Turner, Justin;37;3B;LAD;533;87;LAD;150;23
Cruz, Nelson;41;DH;TB;513;86;MIN;185;33
Garcia, Avisail;30;RF;MIL;461;86;MIL;181;15
McMahon, Ryan;27;2B;COL;528;86;COL;172;26
Reyes, Franmil;26;RF;CLE;418;85;CLE;211;34
Schoop, Jonathan;30;1B;DET;623;84;DET;162;23
Harper, Bryce;29;RF;PHI;488;84;PHI;190;33
Gurriel Jr., Lourdes;28;LF;TOR;500;84;TOR;208;33
Freeman, Freddie;32;1B;ATL;600;83;ATL;214;53
Altuve, Jose;31;2B;HOU;601;83;HOU;192;18
Gurriel, Yuli;37;1B;HOU;530;81;HOU;211;22
Grichuk, Randal;30;CF;TOR;511;81;TOR;216;35
McCutchen, Andrew;35;LF;PHI;482;80;PHI;217;34
O'Neill, Tyler;26;LF;STL;482;80;STL;139;19
Bogaerts, Xander;29;SS;BOS;529;79;BOS;203;28
Suarez, Eugenio;30;3B;CIN;505;79;CIN;198;38
Blackmon, Charlie;35;RF;COL;514;78;COL;221;42
Dalbec, Bobby;26;1B;BOS;417;78;BOS;80;16
Turner, Trea;28;SS;LAD;595;77;WSH;233;41
Gallo, Joey;28;RF;NYY;498;77;TEX;193;26
Story, Trevor;29;SS;COL;526;75;COL;235;28
Urias, Luis;24;SS;MIL;490;75;MIL;109;11
Cabrera, Miguel;39;1B;DET;472;75;DET;204;35
Sano, Miguel;28;1B;MIN;470;75;MIN;186;25
Merrifield, Whit;33;2B;KC;664;74;KC;248;30
Benintendi, Andrew;27;LF;KC;493;73;BOS;39;1
Bryant, Kris;30;LF;SF;513;73;CHC;131;11
Adames, Willy;26;SS;MIL;497;73;TB;185;23
Taylor, Chris;31;CF;LAD;507;73;LAD;185;32
France, Ty;27;2B;SEA;571;73;TYPE;TYPE;TYPE
Donaldson, Josh;36;3B;MIN;457;72;MIN;81;11
Lowe, Nathaniel;26;1B;TEX;557;72;TB;67;11
Chapman, Matt;29;3B;OAK;529;72;OAK;142;25
Hays, Austin;26;LF;BAL;488;71;BAL;122;9
Mancini, Trey;30;1B;BAL;556;71;NA;NA;NA
Yastrzemski, Mike;31;RF;SF;468;71;SF;192;35
Schwarber, Kyle;29;LF;BOS;399;71;CHC;191;24
Winker, Jesse;28;LF;CIN;423;71;CIN;149;23
Hoskins, Rhys;29;1B;PHI;389;71;PHI;151;26
Cronenworth, Jake;28;2B;SD;567;71;SD;172;20
Soler, Jorge;30;RF;ATL;516;70;KC;149;24
Naquin, Tyler;31;CF;CIN;411;70;CLE;133;20
Santana, Carlos;36;1B;KC;565;69;CLE;206;30
Pollock, AJ;34;LF;LAD;384;69;LAD;196;34
India, Jonathan;25;2B;CIN;532;69;NA;NA;NA
Arozarena, Randy;27;RF;TB;529;69;TB;64;11
Lowrie, Jed;38;2B;OAK;457;69;NA;NA;NA
Candelario, Jeimer;28;3B;DET;557;67;DET;185;29
Grossman, Robbie;32;LF;DET;557;67;OAK;166;23
Happ, Ian;27;CF;CHC;465;66;CHC;198;28
Carlson, Dylan;23;CF;STL;542;65;STL;110;16
Hosmer, Eric;32;1B;SD;509;65;SD;143;36
Diaz, Yandy;30;1B;TB;465;64;TB;114;11
Peralta, David;34;LF;ARI;487;63;ARI;203;34
Farmer, Kyle;31;SS;CIN;483;63;CIN;64;4
Myers, Wil;31;RF;SD;442;63;SD;198;40
Verdugo, Alex;25;CF;BOS;544;63;BOS;201;15
Lindor, Francisco;28;SS;NYM;452;63;CLE;236;27
Hernandez, Cesar;31;2B;CWS;570;62;CLE;233;20
Rosario, Eddie;30;LF;ATL;379;62;MIN;210;42
Grisham, Trent;25;CF;SD;462;62;SD;215;26
Pederson, Joc;30;LF;ATL;429;61;LAD;121;16
Wisdom, Patrick;30;3B;CHC;338;61;CHC;2;0
Rizzo, Anthony;32;1B;NYY;496;61;CHC;203;24
Canha, Mark;33;LF;OAK;519;61;OAK;191;33
Moncada, Yoan;26;3B;CWS;520;61;CWS;200;24
Anderson, Tim;28;SS;CWS;527;61;CWS;208;21
Harrison, Josh;34;2B;OAK;505;60;WSH;79;14
Hernandez, Enrique;30;CF;BOS;508;60;LAD;139;20
Belt, Brandon;34;1B;SF;325;59;SF;149;30
Mullins, Cedric;27;CF;BAL;602;59;BAL;140;12
Smith, Dominic;26;LF;NYM;446;58;NYM;177;42
Segura, Jean;32;2B;PHI;514;58;PHI;192;25
Betts, Mookie;29;RF;LAD;466;58;LAD;219;39
Rosario, Amed;26;SS;CLE;550;57;NYM;143;15
Margot, Manuel;27;RF;TB;421;57;TB;145;11
Seager, Corey;28;SS;LAD;353;57;LAD;212;41
LeMahieu, DJ;33;2B;NYY;597;57;NYY;195;27
Wade Jr., LaMonte;28;LF;SF;336;56;MIN;39;1
Edman, Tommy;26;2B;STL;641;56;STL;204;26
Bregman, Alex;28;3B;HOU;348;55;HOU;153;22
Baddoo, Akil;23;LF;DET;413;55;NA;NA;NA
Conforto, Michael;29;LF;NYM;406;55;NYM;202;31
Marte, Starling;33;CF;OAK;467;55;TYPE;TYPE;TYPE
Taylor, Michael A.;31;CF;KC;483;54;WSH;92;16
Dozier, Hunter;30;3B;KC;487;54;KC;158;12
Gregorius, Didi;32;SS;PHI;368;54;PHI;215;40
Wendle, Joey;32;3B;TB;460;54;TB;168;17
Garcia, Leury;31;CF;CWS;415;54;CWS;59;8
Kepler, Max;29;RF;MIN;426;54;MIN;171;23
Crawford, J.P.;27;SS;SEA;619;54;SEA;204;24
Kiner-Falefa, Isiah;27;SS;TEX;635;53;TEX;211;10
Flores, Wilmer;30;2B;SF;389;53;SF;198;32
Chisholm Jr., Jazz;24;2B;MIA;464;53;MIA;56;6
Acuna Jr., Ronald;24;RF;ATL;297;52;ATL;160;29
Herrera, Odubel;30;CF;PHI;450;51;NA;NA;NA
Rodgers, Brendan;25;2B;COL;387;51;COL;21;2
Yelich, Christian;30;LF;MIL;399;51;MIL;200;22
Torres, Gleyber;25;SS;NYY;459;51;NYY;136;16
Wong, Kolten;31;2B;MIL;445;50;STL;181;16
Bader, Harrison;27;CF;STL;367;50;STL;106;11
Moran, Colin;29;1B;PIT;318;50;PIT;178;23
Santander, Anthony;27;RF;BAL;406;50;BAL;153;32
Marte, Ketel;28;CF;ARI;340;50;ARI;181;17
Tapia, Raimel;28;LF;COL;487;50;COL;184;17
McCormick, Chas;27;LF;HOU;284;50;NA;NA;NA
Pujols, Albert;42;1B;LAD;275;50;LAA;152;25
Springer, George;32;OF;TOR;299;50;HOU;189;32
Urshela, Gio;30;3B;NYY;420;49;NYY;151;30
Miller, Brad;32;2B;PHI;331;49;STL;142;25
Pham, Tommy;34;LF;SD;475;49;SD;109;12
Solak, Nick;27;2B;TEX;458;49;TEX;209;23
Smith, Pavin;26;RF;ARI;498;49;ARI;37;4
Vaughn, Andrew;24;LF;CWS;417;48;NA;NA;NA
Rojas, Miguel;33;SS;MIA;495;48;MIA;125;20
Iglesias, Jose;32;SS;BOS;483;48;BAL;142;24
Straw, Myles;27;CF;CLE;564;48;HOU;82;8
Brown, Seth;29;RF;OAK;281;48;OAK;5;0
Bohm, Alec;25;3B;PHI;380;47;PHI;160;23
Brantley, Michael;34;LF;HOU;469;47;HOU;170;22
Franco, Maikel;29;3B;ATL;377;47;KC;223;38
Gosselin, Phil;33;2B;LAA;345;47;PHI;92;12
Pillar, Kevin;33;CF;NYM;325;47;TYPE;TYPE;TYPE
Fletcher, David;27;SS;LAA;626;47;LAA;207;18
Walker, Christian;31;1B;ARI;401;46;ARI;218;34
Zimmerman, Ryan;37;3B;WSH;255;46;NA;NA;NA
Lux, Gavin;24;2B;LAD;335;46;LAD;63;8
Longoria, Evan;36;3B;SF;253;46;SF;193;28
Toro, Abraham;25;3B;SEA;335;46;HOU;87;9
Diaz, Aledmys;31;2B;HOU;294;45;HOU;58;6
Choi, Ji-Man;30;1B;TB;258;45;TB;122;16
DeJong, Paul;28;SS;STL;356;45;STL;152;25
Phillips, Brett;27;CF;TB;253;44;TYPE;TYPE;TYPE
Rojas, Josh;27;RF;ARI;484;44;ARI;61;2
Schwindel, Frank;29;1B;CHC;242;43;NA;NA;NA
Frazier, Adam;30;2B;SD;577;43;PIT;209;23
Lopez, Nicky;27;SS;KC;497;43;KC;169;13
Ruf, Darin;35;LF;SF;262;43;SF;87;18
Moore, Dylan;29;2B;SEA;332;43;SEA;137;17
Taylor, Tyrone;28;LF;MIL;243;43;MIL;38;6
Robert, Luis;24;CF;CWS;275;43;CWS;202;31
Kelenic, Jarred;22;LF;SEA;337;43;NA;NA;NA
Cabrera, Asdrubal;36;SS;CIN;309;42;WSH;190;31
Arraez, Luis;25;2B;MIN;428;42;MIN;112;13
Villar, Jonathan;30;3B;NYM;454;42;TYPE;TYPE;TYPE
Torreyes, Ronald;29;SS;PHI;318;41;PHI;7;0
Bradley, Bobby;25;1B;CLE;245;41;NA;NA;NA
Ramirez, Harold;27;CF;CLE;339;41;MIA;10;1
Upton, Justin;34;LF;LAA;318;41;LAA;147;22
Beaty, Matt;29;LF;LAD;204;40;LAD;50;5
Galvis, Freddy;32;SS;PHI;356;40;CIN;141;16
Odor, Rougned;28;2B;NYY;322;39;TEX;138;30
Shaw, Travis;32;3B;BOS;220;39;TOR;163;17
Franco, Wander;21;SS;TB;281;39;NA;NA;NA
Gardner, Brett;38;LF;NYY;387;39;NYY;130;15
Mayfield, Jack;31;2B;LAA;266;39;HOU;42;3
Laureano, Ramon;27;CF;OAK;341;39;OAK;183;25
Chang, Yu;26;1B;CLE;237;39;CLE;11;1
Newman, Kevin;28;SS;PIT;517;39;PIT;156;10
Urias, Ramon;27;2B;BAL;262;38;BAL;25;3
Hayes, Ke'Bryan;25;3B;PIT;362;38;PIT;85;11
Dickerson, Alex;31;LF;SF;283;38;SF;151;27
Varsho, Daulton;25;CF;ARI;284;38;ARI;101;9
Peters, DJ;26;CF;TEX;223;38;NA;NA;NA
Ahmed, Nick;32;SS;ARI;434;38;ARI;199;29
Castro, Willi;25;2B;DET;413;38;DET;129;24
Lagares, Juan;33;CF;LAA;309;38;NYM;0;0
Castro, Starlin;32;SS;WSH;315;38;WSH;60;4
Andrus, Elvis;33;SS;OAK;497;37;TEX;103;7
Jimenez, Eloy;25;LF;CWS;213;37;CWS;213;41
Kiermaier, Kevin;32;CF;TB;348;37;TB;138;22
Mercedes, Yermin;29;1B;CWS;240;37;CWS;1;0
Castro, Harold;28;2B;DET;315;37;DET;49;3
Kemp, Tony;30;2B;OAK;330;37;OAK;93;4
Polanco, Gregory;30;RF;TOR;336;36;PIT;157;22
VanMeter, Josh;27;2B;ARI;274;36;TYPE;TYPE;TYPE
Fraley, Jake;26;LF;SEA;214;36;SEA;26;0
Sanchez, Jesus;24;RF;MIA;227;36;MIA;25;2
Bellinger, Cody;26;CF;LAD;315;36;LAD;213;30
Cain, Lorenzo;36;CF;MIL;257;36;MIL;18;2
Tellez, Rowdy;27;1B;MIL;297;36;TOR;113;23
Zimmer, Bradley;29;CF;CLE;299;35;CLE;37;3
Voit, Luke;31;1B;NYY;213;35;NYY;213;52
Duggar, Steven;28;CF;SF;268;35;SF;34;3
Joe, Connor;29;1B;COL;179;35;NA;NA;NA
McNeil, Jeff;30;2B;NYM;386;35;NYM;183;23
Bote, David;29;2B;CHC;291;35;CHC;125;29
Sheets, Gavin;26;1B;CWS;160;34;NA;NA;NA
Kim, Ha-Seong;26;SS;SD;267;34;NA;NA;NA
Kirilloff, Alex;24;LF;MIN;215;34;NA;NA;NA
Rendon, Anthony;31;3B;LAA;217;34;LAA;189;31
Hilliard, Sam;28;CF;COL;214;34;COL;105;10
Ward, Taylor;28;RF;LAA;208;33;LAA;94;5
Goodrum, Niko;30;SS;DET;290;33;DET;158;20
Hampson, Garrett;27;CF;COL;453;33;COL;167;11
Ortega, Rafael;30;RF;CHC;296;33;NA;NA;NA
Profar, Jurickson;29;LF;SD;353;33;SD;180;25
Fuentes, Joshua;29;3B;COL;271;33;COL;98;17
Brinson, Lewis;27;OF;MIA;274;33;MIA;106;12
Cooper, Garrett;31;RF;MIA;215;33;MIA;120;20
Stewart, DJ;28;RF;BAL;270;33;BAL;88;15
Slater, Austin;29;CF;SF;274;32;SF;85;7
Tsutsugo, Yoshi;30;1B;PIT;230;32;TB;157;24
Buxton, Byron;28;CF;MIN;235;32;MIN;130;27
Hernandez, Yadiel;34;RF;WSH;264;32;WSH;26;6
Solano, Donovan;34;2B;SF;307;31;SF;190;29
Peterson, Jace;31;2B;MIL;259;31;MIL;45;5
Simmons, Andrelton;32;SS;MIN;412;31;LAA;118;10
Daza, Yonathan;28;CF;COL;301;30;NA;NA;NA
Eaton, Adam;33;CF;LAA;254;30;WSH;159;17
Moreland, Mitch;36;1B;OAK;229;30;TYPE;TYPE;TYPE
Duffy, Matt;31;3B;CHC;289;30;NA;NA;NA
Heyward, Jason;32;RF;CHC;323;30;CHC;147;22
Goodwin, Brian;31;CF;CWS;235;29;TYPE;TYPE;TYPE
Bradley Jr., Jackie;32;CF;MIL;387;29;BOS;191;22
O'Hearn, Ryan;28;1B;KC;236;29;KC;113;18
McKinstry, Zach;27;RF;LAD;158;29;LAD;7;0
Dickerson, Corey;32;LF;TOR;336;29;MIA;194;17
Larnach, Trevor;25;LF;MIN;260;28;NA;NA;NA
Nimmo, Brandon;29;CF;NYM;325;28;NYM;186;18
Meyers, Jake;25;LF;HOU;146;28;NA;NA;NA
Anderson, Brian;28;3B;MIA;233;28;MIA;200;38
Adrianza, Ehire;32;3B;ATL;182;28;MIN;89;3
Thomas, Lane;26;CF;WSH;226;28;STL;36;2
Gonzalez, Marwin;33;2B;HOU;276;28;MIN;175;22
Escobar, Alcides;35;2B;WSH;319;28;NA;NA;NA
Luplow, Jordan;28;CF;TB;163;28;CLE;78;8
La Stella, Tommy;33;2B;SF;220;27;TYPE;TYPE;TYPE
Pinder, Chad;30;LF;OAK;214;27;OAK;56;8
McKinney, Billy;27;LF;LAD;265;27;TOR;3;0
Biggio, Cavan;27;3B;TOR;250;27;TOR;220;28
Sosa, Edmundo;26;SS;STL;288;27;NA;NA;NA
Gamel, Ben;29;LF;PIT;340;26;MIL;114;10
Heredia, Guillermo;31;CF;ATL;305;26;TYPE;TYPE;TYPE
Adell, Jo;23;LF;LAA;130;26;LAA;124;7
Ozuna, Marcell;31;LF;ATL;188;26;ATL;228;56
Arroyo, Christian;26;2B;BOS;164;25;TYPE;TYPE;TYPE
Calhoun, Willie;27;LF;TEX;260;25;TEX;100;13
Valaika, Pat;29;2B;BAL;259;25;BAL;141;16
Ibanez, Andy;29;3B;TEX;253;25;NA;NA;NA
Vogelbach, Daniel;29;1B;MIL;215;24;TYPE;TYPE;TYPE
Difo, Wilmer;30;CF;PIT;219;24;WSH;14;1
Alberto, Hanser;29;3B;KC;241;24;BAL;219;22
Marisnick, Jake;31;CF;SD;176;24;NYM;33;5
Aquino, Aristides;28;RF;CIN;174;23;CIN;47;8
Holt, Brock;33;2B;TEX;235;23;TYPE;TYPE;TYPE
Stevenson, Andrew;27;CF;WSH;192;23;WSH;41;12
Davis, J.D.;29;3B;NYM;179;23;NYM;190;19
Gordon, Nick;26;SS;MIN;200;23;NA;NA;NA
Culberson, Charlie;33;3B;TEX;247;22;ATL;7;1
Garcia, Luis;21;SS;WSH;236;22;WSH;134;16
Estrada, Thairo;26;SS;SF;121;22;NYY;48;3
Moustakas, Mike;33;3B;CIN;183;22;CIN;139;27
Reyes, Victor;27;CF;DET;209;22;DET;202;14
Dubon, Mauricio;27;SS;SF;175;22;SF;157;19
Carpenter, Matt;36;2B;STL;207;21;STL;140;24
Naylor, Josh;24;RF;CLE;233;21;TYPE;TYPE;TYPE
Reddick, Josh;35;RF;NYM;151;21;HOU;188;23
Madrigal, Nick;25;2B;CHC;200;21;CWS;103;11
Gonzalez, Erik;30;3B;PIT;220;21;PIT;181;20
Astudillo, Willians;30;1B;MIN;208;21;MIN;16;3
Mendick, Danny;28;SS;CWS;164;20;CWS;107;6
Short, Zack;26;SS;DET;156;20;NA;NA;NA
Peraza, Jose;28;2B;NYM;142;20;BOS;111;8
Gutierrez, Kelvin;27;3B;BAL;272;20;KC;9;0
Kieboom, Carter;24;3B;WSH;217;20;WSH;99;9
Almonte, Abraham;32;OF;MIL;148;19;SD;11;0
Mazara, Nomar;27;OF;DET;165;19;CWS;136;15
Berti, Jon;32;3B;MIA;233;19;MIA;120;14
Lamb, Jake;31;OF;TOR;144;19;TYPE;TYPE;TYPE
Marsh, Brandon;24;CF;LAA;236;19;NA;NA;NA
Robles, Victor;24;CF;WSH;315;19;WSH;168;15
Hiura, Keston;25;1B;MIL;173;19;MIL;217;32
Mercado, Oscar;27;LF;CLE;214;19;CLE;86;6
De La Cruz, Bryan;25;OF;MIA;199;19;NA;NA;NA
Bauers, Jake;26;1B;SEA;282;19;NA;NA;NA
Brosseau, Mike;28;2B;TB;150;18;TB;86;12
Rengifo, Luis;25;SS;LAA;174;18;LAA;90;3
Trammell, Taylor;24;CF;SEA;156;18;NA;NA;NA
Engel, Adam;30;CF;CWS;123;18;CWS;88;12
Dahl, David;28;OF;MIL;205;18;COL;93;9
Panik, Joe;31;2B;MIA;236;18;TOR;120;7
Miller, Owen;25;2B;CLE;191;18;NA;NA;NA
Trout, Mike;30;CF;LAA;117;18;LAA;199;46
Espinal, Santiago;27;3B;TOR;222;17;TOR;60;6
Mondesi, Adalberto;26;SS;KC;126;17;KC;219;22
Martin, Jason;26;OF;TEX;144;17;PIT;9;0
Diaz, Isan;25;SS;MIA;238;17;MIA;22;1
Calhoun, Kole;34;RF;ARI;166;17;ARI;190;40
Alcantara, Sergio;25;SS;CHC;220;17;DET;21;1
Long Jr., Shed;26;2B;SEA;111;17;SEA;117;9
Gimenez, Andres;23;SS;CLE;188;16;NYM;118;12
Rooker, Brent;27;LF;MIN;189;16;MIN;19;5
Piscotty, Stephen;31;RF;OAK;173;16;OAK;159;29
Evans, Phillip;29;OF;PIT;214;16;PIT;39;9
Jones, Taylor;28;1B;HOU;102;16;HOU;21;3
Hoerner, Nico;24;2B;CHC;149;16;CHC;108;13
Tauchman, Mike;31;LF;SF;166;15;NYY;95;14
Frazier, Clint;27;LF;NYY;183;15;NYY;131;26
White, Eli;27;OF;TEX;198;15;TEX;48;3
Valera, Breyvic;30;2B;TOR;87;15;NA;NA;NA
Young, Andrew;27;2B;ARI;91;15;ARI;26;4
Walls, Taylor;25;SS;TB;152;15;NA;NA;NA
Rojas, Jose;29;3B;LAA;168;15;NA;NA;NA
Nootbaar, Lars;24;RF;STL;109;15;NA;NA;NA
Hicks, Aaron;32;CF;NYY;108;14;NYY;169;21
Drury, Brandon;29;3B;NYM;84;14;TOR;46;1
Nogowski, John;29;1B;SF;129;14;STL;4;0
Arcia, Orlando;27;SS;ATL;81;14;MIL;173;20
Santana, Danny;31;SS;BOS;116;14;TEX;55;7
Schrock, Max;27;3B;CIN;125;14;STL;17;1
Maton, Nick;25;2B;PHI;117;14;NA;NA;NA
Mateo, Jorge;26;RF;BAL;194;14;SD;26;2
McKenna, Ryan;25;CF;BAL;169;14;NA;NA;NA
Hill, Derek;26;CF;DET;139;14;DET;11;0
Park, Hoy;26;2B;PIT;128;14;NA;NA;NA
Cameron, Daz;25;CF;DET;103;13;DET;57;3
Cave, Jake;29;OF;MIN;164;13;MIN;113;15
Diaz, Lewin;25;1B;MIA;122;13;MIA;39;3
Akiyama, Shogo;34;LF;CIN;162;12;CIN;155;9
Sogard, Eric;35;2B;CHC;169;12;MIL;115;10
Marmolejos, Jose;29;1B;SEA;106;12;SEA;107;18
Refsnyder, Rob;31;OF;MIN;139;12;TEX;30;1
Andujar, Miguel;27;LF;NYY;154;12;NYY;62;5
Tom, Ka'ai;27;LF;SF;108;12;NA;NA;NA
Tucker, Cole;25;SS;PIT;117;12;PIT;109;8
Olivares, Edward;26;CF;KC;101;12;TYPE;TYPE;TYPE
Sandoval, Pablo;35;3B;CLE;73;11;TYPE;TYPE;TYPE
Alford, Anthony;27;LF;PIT;133;11;TYPE;TYPE;TYPE
Williams, Justin;26;OF;STL;119;11;STL;5;0
Hamilton, Billy;31;CF;CWS;127;11;TYPE;TYPE;TYPE
Chavis, Michael;26;2B;PIT;121;11;BOS;146;19
Lewis, Kyle;26;CF;SEA;130;11;SEA;206;28
Ruiz, Rio;27;3B;COL;125;10;BAL;185;32
Garlick, Kyle;30;OF;MIN;99;10;PHI;22;3
Duran, Jarren;25;CF;BOS;107;10;NA;NA;NA
Jankowski, Travis;30;OF;PHI;131;10;CIN;15;0
Parra, Gerardo;34;OF;WSH;97;10;NA;NA;NA
Inciarte, Ender;31;OF;CIN;79;10;ATL;116;10
Dyson, Jarrod;37;CF;TOR;135;10;TYPE;TYPE;TYPE
Davis, Khris;34;LF;OAK;102;10;OAK;85;10
Rondon, Jose;28;3B;STL;80;9;NA;NA;NA
Siri, Jose;26;CF;HOU;46;9;NA;NA;NA
Thompson, Trayce;31;OF;CHC;28;9;NA;NA;NA
Cordero, Franchy;27;LF;BOS;127;9;KC;38;7
Clement, Ernie;26;2B;CLE;121;9;NA;NA;NA
O'Grady, Brian;29;CF;SD;51;9;TB;5;0
Vosler, Jason;28;3B;SF;73;9;NA;NA;NA
Jones, JaCoby;29;OF;DET;100;9;DET;97;14
Taveras, Leody;23;CF;TEX;174;9;TEX;119;6
White, Evan;26;1B;SEA;97;9;SEA;182;26
Mercer, Jordy;35;SS;WSH;118;9;TYPE;TYPE;TYPE
Mathisen, Wyatt;28;1B;SF;42;8;ARI;27;5
Garcia, Robel;29;2B;HOU;106;8;NA;NA;NA
Arauz, Jonathan;23;2B;BOS;65;8;BOS;72;9
Martin, Richie;27;SS;BAL;98;8;NA;NA;NA
Senzel, Nick;26;CF;CIN;111;8;CIN;70;8
Castro, Rodolfo;22;3B;PIT;86;8;NA;NA;NA
Ramos, Henry;30;RF;ARI;50;8;NA;NA;NA
Walton, Donovan;27;2B;SEA;63;7;SEA;13;3
Nunez, Renato;28;3B;MIL;53;7;BAL;195;31
Joyce, Matt;37;RF;PHI;55;7;MIA;127;14
Vargas, Ildemaro;30;3B;ARI;77;7;TYPE;TYPE;TYPE
Hermosillo, Michael;27;OF;CHC;36;7;LAA;8;2
Dean, Austin;28;LF;STL;30;7;STL;4;0
Locastro, Tim;29;OF;NYY;139;7;ARI;69;7
Isbel, Kyle;25;RF;KC;76;7;NA;NA;NA
Velazquez, Andrew;27;SS;NYY;67;6;BAL;63;3
Williams, Luke;25;2B;PHI;98;6;NA;NA;NA
Vierling, Matt;25;CF;PHI;71;6;NA;NA;NA
Wong, Kean;27;2B;LAA;60;6;NA;NA;NA
DeShields, Delino;29;OF;CIN;47;6;CLE;107;7
Hernandez, Yonny;23;SS;TEX;143;6;NA;NA;NA
Alvarez, Eddy;32;2B;MIA;64;6;MIA;37;2
Blandino, Alex;29;2B;CIN;70;5;NA;NA;NA
Paredes, Isaac;23;2B;DET;72;5;DET;100;6
Romine, Andrew;36;SS;CHC;60;5;TEX;4;0
Sierra, Magneuris;26;OF;MIA;209;5;MIA;44;7
Guillorme, Luis;27;3B;NYM;132;5;NYM;57;9
Fargas, Johneshwy;27;CF;CHC;52;5;NA;NA;NA
Rivera, Emmanuel;25;3B;KC;90;5;NA;NA;NA
Devers, Jose;22;SS;MIA;41;5;NA;NA;NA
Ellis, Drew;26;3B;ARI;69;5;NA;NA;NA
Wade, Tyler;27;SS;NYY;127;5;NYY;88;10
Owings, Chris;30;2B;COL;43;5;COL;41;5
Gittens, Chris;28;1B;NYY;36;5;NA;NA;NA
Ford, Mike;29;1B;WSH;60;5;NYY;74;11
Johnson, Daniel;26;OF;CLE;77;5;CLE;12;0
Haggerty, Sam;27;OF;SEA;86;5;SEA;50;6
Davis, Jonathan;29;CF;NYY;87;4;TOR;27;6
Raley, Luke;27;LF;LAD;66;4;NA;NA;NA
Pache, Cristian;23;CF;ATL;63;4;ATL;4;0
Martini, Nick;31;LF;CHC;37;4;NA;NA;NA
Rivas, Webster;31;1B;SD;68;4;NA;NA;NA
Leyba, Domingo;26;2B;TEX;87;4;NA;NA;NA
Frazier, Todd;36;3B;PIT;35;4;TYPE;TYPE;TYPE
Palacios, Josh;26;RF;TOR;35;4;NA;NA;NA
Neuse, Sheldon;27;2B;LAD;65;4;NA;NA;NA
Bolt, Skye;28;CF;OAK;57;4;NA;NA;NA
Blankenhorn, Travis;25;2B;NYM;23;4;MIN;3;0
McCarthy, Jake;24;LF;ARI;59;4;NA;NA;NA
LaMarre, Ryan;33;OF;NYY;21;4;NA;NA;NA
Robertson, Daniel;28;SS;MIL;73;4;SF;21;2
Heineman, Scott;29;LF;CIN;30;3;TEX;52;7
Souza Jr., Steven;33;RF;LAD;33;3;CHC;27;5
Reyes, Pablo;28;3B;MIL;78;3;NA;NA;NA
Freeman, Mike;34;SS;CIN;59;3;CLE;38;3
Craig, Will;27;3B;PIT;60;3;PIT;4;0
Jones, Jahmai;24;2B;BAL;67;3;LAA;7;1
Nevin, Tyler;24;RF;BAL;14;3;NA;NA;NA
Rivas, Alfonso;25;1B;CHC;44;3;NA;NA;NA
Bruce, Jay;35;RF;NYY;34;3;PHI;96;14
Celestino, Gilberto;23;CF;MIN;59;3;NA;NA;NA
Cruz, Oneil;23;SS;PIT;9;3;NA;NA;NA
Moniak, Mickey;23;CF;PHI;33;3;PHI;14;0
Beer, Seth;25;1B;ARI;9;3;NA;NA;NA
Burger, Jake;26;3B;CWS;38;3;NA;NA;NA
Marcano, Tucupita;22;2B;PIT;44;3;NA;NA;NA
Barrero, Jose;24;SS;CIN;50;3;CIN;67;2
Trejo, Alan;25;2B;COL;46;3;NA;NA;NA
Bonifacio, Jorge;28;RF;PHI;11;2;DET;86;17
Kivlehan, Patrick;32;RF;SD;4;2;NA;NA;NA
Stokes Jr., Troy;26;LF;MIL;18;2;NA;NA;NA
Friedl, TJ;26;LF;CIN;31;2;NA;NA;NA
Adams, Matt;33;1B;COL;36;2;ATL;49;9
Brujan, Vidal;24;CF;TB;26;2;NA;NA;NA
Fairchild, Stuart;26;LF;ARI;15;2;NA;NA;NA
Allen, Greg;29;CF;NYY;37;2;TYPE;TYPE;TYPE
Hager, Jake;29;RF;ARI;26;2;NA;NA;NA
Welker, Colton;24;3B;COL;37;2;NA;NA;NA
Wilkerson, Stevie;30;2B;BAL;72;2;NA;NA;NA
Oliva, Jared;26;CF;PIT;40;2;PIT;16;0
Gonzalez, Romy;25;SS;CWS;32;2;NA;NA;NA
Florial, Estevan;24;CF;NYY;20;2;NYY;3;0
Fowler, Dustin;27;CF;MIA;41;2;NA;NA;NA
Quinn, Roman;28;CF;PHI;52;2;PHI;108;7
Thomas, Dillon;29;OF;SEA;9;2;NA;NA;NA
Marrero, Deven;31;3B;MIA;16;1;NA;NA;NA
De Goti, Alex;27;SS;HOU;6;1;NA;NA;NA
Guzman, Ronald;27;1B;TEX;16;1;TEX;78;9
Smith, Kevin;25;SS;TOR;32;1;NA;NA;NA
Tovar, Wilfredo;30;SS;NYM;11;1;NA;NA;NA
Deichmann, Greg;26;OF;CHC;30;1;NA;NA;NA
Terry, Curtis;25;1B;TEX;45;1;NA;NA;NA
Lee, Khalil;23;RF;NYM;18;1;NA;NA;NA
Wilson, Jacob;31;2B;HOU;20;1;NA;NA;NA
Fowler, Dexter;36;RF;LAA;20;1;STL;90;15
Sanchez, Adrian;31;SS;WSH;35;1;NA;NA;NA
Machin, Vimael;28;2B;OAK;32;1;OAK;63;0
Castillo, Ivan;26;2B;SD;3;1;NA;NA;NA
Fisher, Derek;28;OF;MIL;8;1;TOR;31;7
Jay, Jon;37;CF;LAA;14;1;ARI;50;4
Arteaga, Humberto;28;SS;WSH;3;1;NA;NA;NA
Motter, Taylor;32;2B;BOS;26;1;NA;NA;NA
Heath, Nick;28;CF;ARI;35;1;KC;13;3
Moroff, Max;28;2B;STL;16;1;NA;NA;NA
Williams, Mason;30;CF;NYM;33;1;BAL;18;0
Perdomo, Geraldo;22;SS;ARI;31;1;NA;NA;NA
Rios, Edwin;28;1B;LAD;51;1;LAD;76;17
Gushue, Taylor;28;1B;CHC;4;0;NA;NA;NA
Campbell, Eric;35;3B;SEA;11;0;NA;NA;NA
McBroom, Ryan;30;1B;KC;8;0;KC;81;10
Ladendorf, Tyler;34;2B;CHC;1;0;NA;NA;NA
Barrera, Luis;26;CF;OAK;8;0;NA;NA;NA
Ray, Corey;27;CF;MIL;2;0;NA;NA;NA
Amburgey, Trey;27;RF;NYY;4;0;NA;NA;NA
Reks, Zach;28;RF;LAD;10;0;NA;NA;NA
Davis, Jaylin;27;RF;SF;9;0;SF;12;1
Maybin, Cameron;35;CF;NYM;28;0;TYPE;TYPE;TYPE
Kozma, Pete;34;SS;OAK;11;0;NA;NA;NA
Lin, Tzu-Wei;28;SS;MIN;0;0;BOS;52;3
Kingery, Scott;28;2B;PHI;19;0;PHI;113;6
Giambrone, Trent;28;2B;CHC;13;0;NA;NA;NA
Lopez, Alejo;25;2B;CIN;23;0;NA;NA;NA
Wilson, Cody;25;OF;WSH;1;0;NA;NA;NA
Bishop, Braden;28;OF;SF;4;0;SEA;30;4
Camargo, Johan;28;3B;ATL;16;0;ATL;120;9
Munoz, Yairo;27;3B;BOS;11;0;BOS;45;4
Lopes, Tim;27;2B;MIL;10;0;SEA;143;15
Robson, Jacob;27;OF;DET;7;0;NA;NA;NA
Williams, Nick;28;RF;CWS;10;0;NA;NA;NA
Perez, Hernan;31;3B;MIL;19;0;CHC;6;0
Lowe, Josh;24;CF;TB;1;0;NA;NA;NA
Dorow, Ryan;26;3B;TEX;6;0;NA;NA;NA
Andreoli, John;31;OF;SD;6;0;NA;NA;NA
Kazmar Jr., Sean;37;SS;ATL;2;0;NA;NA;NA
Marte, Luis;28;SS;MIA;6;0;NA;NA;NA
Burns, Andy;31;3B;LAD;11;0;NA;NA;NA
Vilade, Ryan;23;LF;COL;6;0;NA;NA;NA
Dawson, Ronnie;26;CF;HOU;5;0;NA;NA;NA
Lopez, Jack;29;SS;BOS;13;0;NA;NA;NA
Riddle, JT;30;SS;MIN;6;0;PIT;67;1
Owen, Hunter;28;3B;PIT;4;0;NA;NA;NA
Schebler, Scott;31;OF;LAA;34;0;ATL;1;0
Gonzalez, Luis;26;RF;SF;8;0;CWS;1;0
Lopez, Otto;23;2B;TOR;1;0;NA;NA;NA
Payton, Mark;30;OF;NYM;22;0;CIN;18;0
Almora Jr., Albert;28;OF;NYM;52;0;CHC;30;1
Hoying, Jared;32;LF;TOR;3;0;NA;NA;NA
Miller, Brian;26;LF;MIA;11;0;NA;NA;NA
Padlo, Kevin;25;3B;SEA;13;0;NA;NA;NA
Tejeda, Anderson;23;SS;TEX;16;0;TEX;75;8
Hurst, Scott;26;CF;STL;5;0;NA;NA;NA
Haseley, Adam;26;CF;PHI;21;0;PHI;79;13
Harrison, Monte;26;CF;MIA;10;0;MIA;47;3
